<?xml version="1.0" encoding="UTF-8"?>
<!DOCTYPE log4j:configuration SYSTEM "log4j.dtd">
 
<log4j:configuration xmlns:log4j="http://jakarta.apache.org/log4j/">
     
    <!-- Console Log -->
    <appender name="console" class="org.apache.log4j.ConsoleAppender">
         <layout class="org.apache.log4j.PatternLayout">
              <param name="ConversionPattern" value="%d %p [%c{5}] %m [%X{userId}]%n" />
         </layout>  
    </appender>
     
 
    <!-- 기본 출력 설정 -->
    <root>
        <level value="DEBUG" />
        <appender-ref ref="console" />
        <appender-ref ref="errFile"/>
        <appender-ref ref="rollingFile"/>
    </root>
    
    
    <!-- Root Logger 
    <root>
        <priority value="off" />
        <appender-ref ref="console" />
    </root>
    
    -->
     
</log4j:configuration>